{"cameraMode":{"drawMode":0,"name":"Shaded","section":"Shading Mode"},"sceneLighting":false,"audioPlay":false,"sceneViewState":{"m_AlwaysRefresh":false,"showFog":true,"showSkybox":true,"showFlares":true,"showImageEffects":true,"showParticleSystems":true,"showVisualEffectGraphs":true,"m_FxEnabled":false},"in2DMode":false,"pivot":{"x":1.6493821144104005,"y":2.0597164630889894,"z":0.4104795455932617},"rotation":{"x":-0.17562055587768556,"y":0.09105126559734345,"z":-0.01639387756586075,"w":-0.9801110625267029},"size":2.8361029624938967,"orthographic":false}