{"cameraMode":{"drawMode":0,"name":"Shaded","section":"Shading Mode"},"sceneLighting":true,"audioPlay":false,"sceneViewState":{"m_AlwaysRefresh":false,"showFog":true,"showSkybox":true,"showFlares":true,"showImageEffects":true,"showParticleSystems":true,"showVisualEffectGraphs":true,"m_FxEnabled":true},"in2DMode":false,"pivot":{"x":0.3233213424682617,"y":0.2942628860473633,"z":-0.8313736915588379},"rotation":{"x":0.13656120002269746,"y":0.3626059591770172,"z":-0.053813379257917407,"w":0.920347273349762},"size":6.885924816131592,"orthographic":true}