{"cameraMode":{"drawMode":0,"name":"Shaded","section":"Shading Mode"},"sceneLighting":false,"audioPlay":false,"sceneViewState":{"m_AlwaysRefresh":false,"showFog":true,"showSkybox":true,"showFlares":true,"showImageEffects":true,"showParticleSystems":true,"showVisualEffectGraphs":true,"m_FxEnabled":false},"in2DMode":false,"pivot":{"x":2.2240920066833498,"y":0.8275503516197205,"z":-4.365318298339844},"rotation":{"x":0.08631113916635513,"y":0.5118147730827332,"z":-0.051761046051979068,"w":0.8532256484031677},"size":4.352805137634277,"orthographic":true}