{"cameraMode":{"drawMode":0,"name":"Shaded","section":"Shading Mode"},"sceneLighting":false,"audioPlay":false,"sceneViewState":{"m_AlwaysRefresh":false,"showFog":true,"showSkybox":true,"showFlares":true,"showImageEffects":true,"showParticleSystems":true,"showVisualEffectGraphs":true,"m_FxEnabled":false},"in2DMode":false,"pivot":{"x":3.8075203895568849,"y":3.2040064334869386,"z":5.822261810302734},"rotation":{"x":0.00841179583221674,"y":0.9692797660827637,"z":-0.2436896413564682,"w":0.03343625366687775},"size":11.921465873718262,"orthographic":false}